{
  "matrix": [
    [
      0.10000000149011612,
      0.10000000149011612,
      0.10000000149011612,
      0.10000000149011612,
      0.10000000149011612,
      0.10000000149011612,
      0.10000000149011612
    ],
    [
      0.10000000149011612,
      0.10000000149011612,
      0.10000000149011612,
      0.10000000149011612,
      0.10000000149011612,
      0.10000000149011612,
      0.10000000149011612
    ],
    [
      0.10000000149011612,
      0.10000000149011612,
      0.10000000149011612,
      0.10000000149011612,
      0.10000000149011612,
      0.10000000149011612,
      0.10000000149011612
    ],
    [
      0.10000000149011612,
      0.10000000149011612,
      0.10000000149011612,
      0.10000000149011612,
      0.10000000149011612,
      0.10000000149011612,
      0.10000000149011612
    ],
    [
      0.10000000149011612,
      0.10000000149011612,
      0.10000000149011612,
      0.10000000149011612,
      0.10000000149011612,
      0.10000000149011612,
      0.10000000149011612
    ],
    [
      0.10000000149011612,
      0.10000000149011612,
      0.10000000149011612,
      0.10000000149011612,
      0.10000000149011612,
      0.10000000149011612,
      0.10000000149011612
    ],
    [
      0.10000000149011612,
      0.10000000149011612,
      0.10000000149011612,
      0.10000000149011612,
      0.10000000149011612,
      0.10000000149011612,
      0.10000000149011612
    ]
  ],
  "total_corrections": 0
}