{
  "matrix": [
    [
      0.10000000149011612,
      0.10000000149011612,
      0.10000000149011612,
      0.10000000149011612,
      0.10000000149011612,
      0.10000000149011612,
      0.10000000149011612
    ],
    [
      0.10000000149011612,
      0.10000000149011612,
      0.10000000149011612,
      0.10000000149011612,
      0.10000000149011612,
      0.10000000149011612,
      0.10000000149011612
    ],
    [
      0.10000000149011612,
      0.10000000149011612,
      0.10000000149011612,
      0.10000000149011612,
      0.10000000149011612,
      0.10000000149011612,
      0.10000000149011612
    ],
    [
      0.10000000149011612,
      0.10000000149011612,
      0.10000000149011612,
      0.10000000149011612,
      0.10000000149011612,
      0.10000000149011612,
      0.10000000149011612
    ],
    [
      4.099999904632568,
      0.10000000149011612,
      0.10000000149011612,
      1.100000023841858,
      2.0999999046325684,
      1.100000023841858,
      0.10000000149011612
    ],
    [
      0.10000000149011612,
      0.10000000149011612,
      0.10000000149011612,
      0.10000000149011612,
      0.10000000149011612,
      0.10000000149011612,
      0.10000000149011612
    ],
    [
      0.10000000149011612,
      0.10000000149011612,
      1.100000023841858,
      0.10000000149011612,
      0.10000000149011612,
      0.10000000149011612,
      0.10000000149011612
    ]
  ],
  "total_corrections": 3
}