{
  "train_loss": [
    1.8216001781081694,
    1.5701521970513153,
    1.4359202159833504,
    1.3330489658505917,
    1.2724696400086408,
    1.2204417500681033,
    1.2017367796777907,
    1.1350400674098235,
    1.1014274143632632,
    1.0622823546140043,
    1.0492004141743614,
    1.0093754157255586,
    0.9760532430878996,
    0.986493014773218,
    0.9688287441688949,
    0.9641931304603069,
    0.9201172211511341,
    0.8781435554075814,
    0.8594890159171839,
    0.9001568195108706,
    0.8203888008783825,
    0.8590884535814731,
    0.8512930363427149,
    0.8314156623590981,
    0.7901220051906163,
    0.8264503657719053,
    0.8293664790212848,
    0.8048821583402959,
    0.8032727829809257,
    0.7716330717769179,
    0.7722373295899619,
    0.7413701941538214,
    0.7412090801571825,
    0.7507312701621484,
    0.7563289505516613,
    0.7062028215577018,
    0.7200483295488954,
    0.7199906759706088,
    0.7442855800834427,
    0.7343936372058334,
    0.7054875625514366,
    0.6791129123379671,
    0.6832713747927391,
    0.6909812521847097,
    0.7066208003370881,
    0.6963709672597416,
    0.6819859117974498,
    0.6824768433870936,
    0.6079088354073597,
    0.7038770595623532,
    0.6908329548885328,
    0.661764681258438,
    0.6859179376795485,
    0.6967030027840571,
    0.6605290024746704,
    0.6544275883272576,
    0.6696149857236645,
    0.7016040731587586,
    0.6323948731128337,
    0.6797649679152348,
    0.6018880291224831,
    0.6158955407570118
  ],
  "val_loss": [
    1.5781456303067316,
    1.3790622143617557,
    1.2642125053267839,
    1.13840165653178,
    1.1134599900465958,
    1.0445169519202422,
    1.0466752014474312,
    0.999996114186617,
    1.0119018814249356,
    0.9928366756767253,
    0.9796089241037027,
    0.9666453729471289,
    0.9568679724829592,
    0.9642030745370568,
    0.9495885192934883,
    0.9435904082840582,
    0.9570646925337454,
    0.9440381883964297,
    0.9448475186707709,
    0.9453028312490398,
    0.9387773596894445,
    0.9386924520019692,
    0.9257574263581121,
    0.9270849682138521,
    0.9181003184147097,
    0.9342891068311057,
    0.9414832950165153,
    0.9541854168727741,
    0.9268890799402867,
    0.9441919851652695,
    0.9173184661749342,
    0.9153294481521894,
    0.9524029316200099,
    0.9280501481422857,
    0.9229774209310148,
    0.9349404207982727,
    0.929410328584418,
    0.9488219656929429,
    0.921612435924704,
    0.9383488422634013,
    0.9329340266477418,
    0.9246493215791741,
    0.9374395240331326,
    0.9208357091935102,
    0.9201061852404281,
    0.9087095291838178,
    0.9313577550104299,
    0.9339868791661038,
    0.9492748464292415,
    0.9322785691311288,
    0.9248370790117606,
    0.9372338667336844,
    0.9336414741526362,
    0.9382081061490894,
    0.9153348652188936,
    0.9387222845606791,
    0.93842783777113,
    0.9250594509573385,
    0.933093057101877,
    0.9203127682286836,
    0.9375773502950198,
    0.9467057543214191
  ],
  "train_acc": [
    30.46617896835303,
    41.818006678786816,
    48.61647279942098,
    54.19597057495266,
    57.13326623900624,
    59.508951644632766,
    60.40548389489731,
    63.48453781962987,
    65.00319021664188,
    67.0024416188106,
    67.50743809019711,
    68.98557221030158,
    70.88593153789778,
    70.26395640904894,
    71.12793859627931,
    71.10027894171498,
    73.58681529748934,
    75.23898239273394,
    75.78513182339282,
    74.42815179302063,
    78.06069853025623,
    75.90091516888857,
    76.72450530733249,
    77.47514739179458,
    79.24838606511264,
    77.79123337848253,
    77.8836512101778,
    78.89318041879501,
    78.53069322005997,
    80.15960759258596,
    79.98060349452682,
    81.44118699011128,
    81.30507733033895,
    81.15133786202271,
    80.67089103284802,
    82.96094539506043,
    82.34431644754822,
    82.34703184641097,
    81.43638950685676,
    81.92005422526327,
    82.82975338471607,
    84.11545533432185,
    83.95455105634686,
    83.67590387426816,
    83.09430966851795,
    83.4032549772244,
    84.15976823317109,
    83.88960184027269,
    87.04122751897641,
    83.23080747685674,
    83.47240697951067,
    84.9280518919046,
    83.92798612711614,
    83.53179937149416,
    85.16067738850653,
    85.43316135859293,
    84.59069506034744,
    83.24171218451679,
    86.12294210013631,
    84.39499403949945,
    87.76672600305713,
    87.20030851816567
  ],
  "val_acc": [
    41.669177463091295,
    51.88309731846942,
    57.718188209299996,
    62.87034247263232,
    64.35673395601084,
    67.06839409460682,
    68.07271266445717,
    69.52897459074018,
    69.06698804860902,
    70.29225670382645,
    70.442904489304,
    71.17605704529477,
    71.36687757356633,
    71.69830270161695,
    72.4013257005122,
    72.79300994275384,
    72.44149844330622,
    72.90348498543739,
    72.92357135683439,
    72.6724917143718,
    73.76719895550869,
    73.02400321381943,
    73.96806266947877,
    73.76719895550869,
    74.19905594054434,
    73.75715576981018,
    74.16892638344883,
    74.69117203977102,
    74.3798332831174,
    74.56061062569047,
    74.95229486793211,
    75.4845837099528,
    74.99246761072612,
    75.15315858190218,
    75.71557698101839,
    75.15315858190218,
    75.42432459576177,
    75.17324495329919,
    75.59505875263633,
    75.2033745103947,
    74.9121221251381,
    75.72562016671688,
    75.91644069498845,
    75.28371999598272,
    76.26795219443608,
    76.3382544943256,
    75.86622476649593,
    76.0972180375615,
    75.46449733855579,
    76.20769308024505,
    76.39851360851662,
    76.6194636938837,
    75.98674299487797,
    75.99678618057648,
    76.17756352314954,
    75.7557497238124,
    76.29808175153158,
    76.13739078035553,
    76.39851360851662,
    75.54484282414381,
    76.10726122326001,
    76.3482976800241
  ],
  "train_f1": [
    41.63052367342085,
    52.47846740515958,
    58.51799602055435,
    63.01425105389002,
    64.49999912914365,
    66.91424270018665,
    68.07858591006564,
    69.63465957985701,
    69.01796986495809,
    70.4549789687239,
    70.73460996998688,
    71.20486853394682,
    71.4001830999749,
    71.95152069491004,
    72.41544102571457,
    72.89402599852241,
    72.61729131969695,
    72.89915480036585,
    72.96817101314296,
    72.84710906578474,
    73.88639814959129,
    73.26160974182481,
    74.06515714908546,
    73.89035077719406,
    74.1860796260846,
    73.90451013806344,
    74.21932769770872,
    74.77923828685157,
    74.44335118785074,
    74.7427291899398,
    74.8744159702175,
    75.45861008846472,
    74.91056348341438,
    75.09409891009841,
    75.73381997842631,
    75.24684077890683,
    75.48504025816956,
    75.30106197051171,
    75.68022411455969,
    75.14397057031283,
    75.04749365945631,
    75.73534380590912,
    75.93423597814856,
    75.2582855966514,
    76.28117555044071,
    76.3639350629537,
    75.8962695906929,
    76.16933567615986,
    75.54324017862139,
    76.14622157802526,
    76.32351421263498,
    76.66073159935743,
    75.90536135721109,
    76.00079053618639,
    76.02493478213164,
    75.61931579247776,
    76.26231011628445,
    76.15215599020753,
    76.30308409245708,
    75.64471499668957,
    76.0887925130234,
    76.2675604100784
  ],